label,MAE,RMSE,R2
Mean baseline,23.04138069554228,27.50884860636772,-0.0475748724421969
Linear — raw,3.4727578781349404,4.58578569195541,0.970888287328488
Linear — engineered,23.1934364635437,27.77127855677445,-0.0681427295631855
RandomForest — raw,3.284465215122517,10.47438051328127,0.8481212758868389
XGBoost — raw,3.3006149635075217,10.082012039980652,0.8592868550115539
RandomForest — engineered,22.942697929886524,28.916571648465663,-0.158060218058381
XGBoost — engineered,22.5987062145913,27.52740518485557,-0.0494653167979737
MLP — SOC,25.93245505619513,31.611176648889124,-0.38394510181775865
RandomForest — charging time,9001.75371327894,18410.153467621567,-0.16020209738157787
